{"cameraMode":{"drawMode":0,"name":"Shaded","section":"Shading Mode"},"sceneLighting":true,"audioPlay":false,"sceneViewState":{"showFog":true,"showMaterialUpdate":false,"showSkybox":true,"showFlares":true,"showImageEffects":true,"showParticleSystems":true},"in2DMode":false,"pivot":{"x":-2.206496000289917,"y":12.223725318908692,"z":-28.499765396118165},"rotation":{"x":0.038975782692432407,"y":-0.026976291090250016,"z":0.0010524885728955269,"w":0.9988754391670227},"size":11.874134063720704,"orthographic":true}