{"cameraMode":{"drawMode":0,"name":"Shaded","section":"Shading Mode"},"sceneLighting":true,"audioPlay":false,"sceneViewState":{"showFog":true,"showMaterialUpdate":false,"showSkybox":true,"showFlares":true,"showImageEffects":true,"showParticleSystems":true},"in2DMode":false,"pivot":{"x":-0.9266424179077148,"y":2.4229230880737306,"z":15.691923141479493},"rotation":{"x":-0.07512527704238892,"y":-0.05471961945295334,"z":0.0041287727653980259,"w":-0.9956631064414978},"size":58.16613006591797,"orthographic":false}