{"cameraMode":{"drawMode":0,"name":"Shaded","section":"Shading Mode"},"sceneLighting":true,"audioPlay":false,"sceneViewState":{"showFog":true,"showMaterialUpdate":false,"showSkybox":true,"showFlares":true,"showImageEffects":true,"showParticleSystems":true},"in2DMode":false,"pivot":{"x":0.9806128740310669,"y":13.221092224121094,"z":5.018306255340576},"rotation":{"x":-0.1952003389596939,"y":0.057922713458538058,"z":-0.011549200862646103,"w":-0.9789834022521973},"size":43.73881149291992,"orthographic":false}