{"cameraMode":{"drawMode":0,"name":"Shaded","section":"Shading Mode"},"sceneLighting":false,"audioPlay":false,"sceneViewState":{"showFog":true,"showMaterialUpdate":false,"showSkybox":false,"showFlares":true,"showImageEffects":true,"showParticleSystems":true},"in2DMode":false,"pivot":{"x":6.903318881988525,"y":1.9711593389511109,"z":-0.0856119766831398},"rotation":{"x":-0.007499931380152702,"y":0.0015000191051512957,"z":0.000011233471013838425,"w":0.9999707341194153},"size":7.61655855178833,"orthographic":true}