{"cameraMode":{"drawMode":0,"name":"Shaded","section":"Shading Mode"},"sceneLighting":true,"audioPlay":false,"sceneViewState":{"showFog":true,"showMaterialUpdate":false,"showSkybox":true,"showFlares":true,"showImageEffects":true,"showParticleSystems":true},"in2DMode":false,"pivot":{"x":2.99204421043396,"y":3.8682632446289064,"z":0.3398017883300781},"rotation":{"x":-0.02098805271089077,"y":0.031487926840782168,"z":0.0006613436853513122,"w":0.9992835521697998},"size":10.679018020629883,"orthographic":false}