{"cameraMode":{"drawMode":0,"name":"Shaded","section":"Shading Mode"},"sceneLighting":true,"audioPlay":false,"sceneViewState":{"showFog":true,"showMaterialUpdate":false,"showSkybox":true,"showFlares":true,"showImageEffects":true,"showParticleSystems":true},"in2DMode":false,"pivot":{"x":-3.187750816345215,"y":5.474187850952148,"z":-5.341889381408691},"rotation":{"x":-0.22192434966564179,"y":0.013745189644396305,"z":-0.003128623589873314,"w":-0.9749619960784912},"size":2.4679293632507326,"orthographic":false}