{"cameraMode":{"drawMode":0,"name":"Shaded","section":"Shading Mode"},"sceneLighting":false,"audioPlay":false,"sceneViewState":{"showFog":true,"showMaterialUpdate":false,"showSkybox":false,"showFlares":true,"showImageEffects":true,"showParticleSystems":true},"in2DMode":false,"pivot":{"x":-8.699999809265137,"y":22.899999618530275,"z":0.20000001788139344},"rotation":{"x":0.022434845566749574,"y":-0.07491063326597214,"z":0.001685833907686174,"w":0.9969364404678345},"size":5.715767860412598,"orthographic":true}