{"cameraMode":{"drawMode":0,"name":"Shaded","section":"Shading Mode"},"sceneLighting":true,"audioPlay":false,"sceneViewState":{"showFog":true,"showMaterialUpdate":false,"showSkybox":true,"showFlares":true,"showImageEffects":true,"showParticleSystems":true},"in2DMode":false,"pivot":{"x":-4.75633430480957,"y":-1.989301323890686,"z":6.964328289031982},"rotation":{"x":0.30253222584724429,"y":0.6214632391929627,"z":-0.28268569707870486,"w":0.6650913953781128},"size":36.52744674682617,"orthographic":true}