{"cameraMode":{"drawMode":0,"name":"Shaded","section":"Shading Mode"},"sceneLighting":true,"audioPlay":false,"sceneViewState":{"showFog":true,"showMaterialUpdate":false,"showSkybox":true,"showFlares":true,"showImageEffects":true,"showParticleSystems":true},"in2DMode":false,"pivot":{"x":0.5150945782661438,"y":0.9898481965065002,"z":5.624572277069092},"rotation":{"x":-0.1638241857290268,"y":-0.608758807182312,"z":0.1303243488073349,"w":-0.7652385830879211},"size":16.60087013244629,"orthographic":true}