{"cameraMode":{"drawMode":0,"name":"Shaded","section":"Shading Mode"},"sceneLighting":true,"audioPlay":false,"sceneViewState":{"showFog":true,"showMaterialUpdate":false,"showSkybox":true,"showFlares":true,"showImageEffects":true,"showParticleSystems":true},"in2DMode":false,"pivot":{"x":-19.189571380615236,"y":14.191408157348633,"z":1.61710524559021},"rotation":{"x":0.2170764058828354,"y":0.6934273838996887,"z":-0.23287704586982728,"w":0.6463781595230103},"size":22.0,"orthographic":true}