{"cameraMode":{"drawMode":0,"name":"Shaded","section":"Shading Mode"},"sceneLighting":false,"audioPlay":false,"sceneViewState":{"showFog":true,"showMaterialUpdate":false,"showSkybox":false,"showFlares":true,"showImageEffects":true,"showParticleSystems":true},"in2DMode":false,"pivot":{"x":0.5123814940452576,"y":-0.21575021743774415,"z":5.984696865081787},"rotation":{"x":-0.1606106162071228,"y":-0.6701089143753052,"z":0.15189005434513093,"w":-0.7085815668106079},"size":4.286825656890869,"orthographic":false}