{"cameraMode":{"drawMode":0,"name":"Shaded","section":"Shading Mode"},"sceneLighting":true,"audioPlay":false,"sceneViewState":{"showFog":true,"showMaterialUpdate":false,"showSkybox":true,"showFlares":true,"showImageEffects":true,"showParticleSystems":true},"in2DMode":false,"pivot":{"x":-3.468710422515869,"y":2.9455153942108156,"z":-1.7772343158721924},"rotation":{"x":0.0533059798181057,"y":-0.15662254393100739,"z":0.008465597406029702,"w":0.986182689666748},"size":15.864970207214356,"orthographic":false}