{"cameraMode":{"drawMode":0,"name":"Shaded","section":"Shading Mode"},"sceneLighting":true,"audioPlay":false,"sceneViewState":{"showFog":true,"showMaterialUpdate":false,"showSkybox":true,"showFlares":true,"showImageEffects":true,"showParticleSystems":true},"in2DMode":false,"pivot":{"x":-9.023921966552735,"y":-1.769691824913025,"z":-12.552081108093262},"rotation":{"x":-0.024116594344377519,"y":0.9551694989204407,"z":-0.08120237290859223,"w":-0.2836827337741852},"size":23.014375686645509,"orthographic":false}